Base,,Vehicle,,,,,Emotion,,,,Structure,,,,,Subject,,,,,
Image Link,2-3 word description,Implied,Hyperbole,Comparison,absurd,Pun,Neutral,Happy,Sad,Angry,Family-Friendly,Multipanel,Classic Top/Bottom Text,Mispellings,Canon,Animals,Political,Sports,Television,Games,Religious
https://pics.me.me/what-do-you-mean-iim-not-abear-haveall-the-koalifications-26028934.png,Koalifications,0,0,0,0,1,1,0,0,0,1,0,1,1,1,1,0,0,0,0,0
http://i0.kym-cdn.com/entries/icons/original/000/000/056/itsover1000.jpg,over 9000!,0,1,0,0,0,1,0,0,0,1,0,1,0,1,0,0,0,1,0,0
https://i.chzbgr.com/full/9084176640/hB7F6A06A/,cat fits sits,0,0,0,0,1,1,0,0,0,1,0,1,0,0,1,0,0,0,0,0
https://pics.me.me/cruisin-down-the-street-in-my-64-montreal-ty-28235055.png,cruising 64,0,0,0,0,1,1,0,0,0,1,0,1,0,0,0,0,0,0,1,0
https://memestatic.fjcdn.com/large/pictures/7d/c9/7dc961_6355252.jpg,acid mecca,0,0,1,0,0,1,0,0,0,0,0,1,0,0,0,0,0,0,0,1
https://www.elitereaders.com/wp-content/uploads/2017/05/laugh-pictures-17.png,drugged pets,1,0,0,0,0,1,0,0,0,1,0,1,0,0,1,0,0,0,0,0
https://i.imgur.com/NjtAjEi.png,ese,0,0,0,0,1,1,0,0,0,0,0,1,0,0,0,0,0,0,0,0
http://wikinoticias.mx/wp-content/uploads/2017/02/tumblr-olun4odvtr1sl58vfo1-500.jpg,7,0,0,1,0,0,1,0,0,0,1,1,0,0,0,0,0,0,0,0,0
https://cdn.dopl3r.com/memes_files/ellen-degenerate-coolest-kid-on-the-block-eD5kE.jpg,elen degenerate,0,0,0,0,1,1,0,0,0,0,1,0,1,0,0,0,0,1,0,0
https://www.himemer.com/resources/images/201710/gianna-aug-26-v-i-was-at-the-museum-in-the-aquarium-part-and-88721223.jpg,nemo where's son,1,0,0,0,0,0,0,0,1,0,0,0,1,0,1,0,0,1,0,0
https://pics.me.me/whats-the-farthest-youve-gone-to-get-laid-well-this-18656090.png,farthest you've gone,1,0,0,0,0,1,0,0,0,0,0,1,0,0,0,1,0,0,0,0
https://img.ifcdn.com/images/5017f3b89e2b3566ce4f81f472fdab23220ad874a42089491d2eb34e75212029_1.jpg,you lit,1,0,0,0,0,1,0,0,0,0,1,0,1,0,1,0,0,0,0,0
https://lh3.googleusercontent.com/uc-u1Xg2C8C1YiGTeoGjUhiu6tz3XSciF9YLG6x3CGkueO8PNPF57NTnVFaKBJjNW7QkTqeDHfLBLQ=w535-h720-rw-no,girls these days,0,0,1,0,0,1,0,0,0,1,0,1,0,0,1,0,0,0,0,0
https://lh3.googleusercontent.com/-PSSlK6IrsKM/VkP4KSY2LZI/AAAAAAAAQW4/qVNb1Qo40Wo/w530-h560-n-rw/drollnation.com-funny-pics-08252015-44.jpg,friend in class,0,0,0,1,0,0,1,0,0,1,0,1,0,0,0,0,0,0,0,0
https://media.melty.fr/article-3438305-ajust_1020-f1487064759/tu-ne-peux-pas-te-faire-virer-si-tu-n-as.jpg,can't get fired,0,0,1,0,0,1,0,0,0,1,0,1,0,1,0,0,0,0,0,0
http://3.bp.blogspot.com/-PfLUbCAhUXo/VCm6_IpmkJI/AAAAAAACtAQ/7zKDSPD5b34/s1600/Meme%2B00115.jpg,lost your phone,0,0,0,0,1,1,0,0,0,1,0,1,0,1,0,0,0,1,0,0
http://4.bp.blogspot.com/-K1BF7ZIvA6I/VCm6_n48NSI/AAAAAAACtAc/DRADrwAq7X4/s1600/Meme%2B00117.jpg,silence toddler,1,0,0,0,0,1,0,0,0,1,0,1,0,1,0,0,0,0,0,0
http://3.bp.blogspot.com/-dkrO0cm1mYA/VCm6-7QCgDI/AAAAAAACtAI/5mFFK1Ub0mY/s1600/Meme%2B00114.jpg,cars passing,0,0,1,0,0,1,0,0,0,1,1,1,0,0,0,0,0,0,0,0
http://2.bp.blogspot.com/-6ED7IT6bjeE/VCm6-J28WXI/AAAAAAACtAA/f0wYZs6MoG4/s1600/Meme%2B00113.jpg,invisible car,0,0,0,0,1,1,0,0,0,1,0,1,0,0,0,0,0,0,0,0
http://4.bp.blogspot.com/-a4eZweRBwkA/VCm69Jbi9JI/AAAAAAACs_4/Pt9BXPxKji8/s1600/Meme%2B00111.jpg,unfortunate name placement,1,0,0,0,0,1,0,0,0,0,0,1,0,0,0,0,0,0,0,0
http://3.bp.blogspot.com/-N-j9Y5osDWg/VCm69HbfjAI/AAAAAAACs_s/Hsc6_xh9hdo/s1600/Meme%2B00109.jpg,vegetarians,0,0,1,0,0,1,0,0,0,1,0,1,0,0,0,0,0,1,0,0
http://i3.kym-cdn.com/photos/images/original/000/186/365/parrot1.jpg,usb removal,0,1,0,0,0,1,0,0,0,1,0,1,0,1,1,0,0,0,0,0
http://i3.kym-cdn.com/photos/images/original/000/283/499/ded.jpg,cake is not a lie,1,0,0,0,0,1,0,0,0,1,0,1,0,1,0,0,0,0,1,0
http://i0.kym-cdn.com/photos/images/newsfeed/000/170/628/tumblr_lna2r1G1k21qfjuibo1_500.jpg,shadow realm,0,0,0,1,0,0,0,0,1,1,0,1,0,1,0,0,0,0,1,0
http://3.bp.blogspot.com/-_UkeOzur9Co/T4YoP4G-L4I/AAAAAAAAADQ/pKUgQWkWHlg/s320/4ba.jpg,gordon freeman,0,0,0,1,0,1,0,0,0,1,0,1,0,1,0,0,0,1,0,0
http://2.bp.blogspot.com/-iljD5amV3j0/T4YmXak_c5I/AAAAAAAAADI/AqQ9wf0ETSE/s320/a2e.jpg,made it yesterday,0,0,0,0,1,1,0,0,0,1,0,1,0,1,0,0,0,0,0,1
http://4.bp.blogspot.com/-wmbt0YKB_zo/T4YkpkIZKSI/AAAAAAAAAC4/oxQasom8K-Y/s320/kitler1.jpg,hitler cat,0,0,1,0,0,1,0,0,0,1,0,1,1,0,1,1,0,0,0,0
https://i.chzbgr.com/full/9077556480/h71A3E2F2/,minotaur constructive criticism,0,0,1,0,0,0,0,0,1,0,1,0,0,0,1,0,0,0,0,0
https://i.chzbgr.com/full/9077556736/h0DA74E47/,tea constructive criticism,0,0,1,0,0,0,0,0,1,1,1,0,0,0,0,0,0,1,0,0
https://i.chzbgr.com/full/9077557248/h542CAEB3/,accept constructive criticism,0,0,1,0,0,1,0,0,0,1,1,0,0,0,0,0,0,0,0,0
https://i.chzbgr.com/full/9077557504/h58BC5889/,rap song,0,0,1,0,0,1,0,0,0,0,1,0,0,0,0,0,0,0,0,0
https://i.chzbgr.com/full/9077558272/h36324745/,ireland,0,0,0,0,1,1,0,0,0,1,1,0,1,0,0,0,0,0,0,0
https://i.chzbgr.com/full/9077558784/h286A6C3A/,fox constructive criticism,0,0,1,0,0,0,0,0,1,0,1,0,0,0,1,0,0,0,0,0
https://i.chzbgr.com/full/9077558528/h8F736955/,constructive criticism,0,0,1,0,0,0,0,0,1,0,1,0,1,0,0,0,0,1,0,0
https://i.chzbgr.com/full/9077559040/hA11B2BDB/,metal gear survive,0,0,1,0,0,1,0,0,0,0,1,0,0,0,0,0,0,0,1,0
https://i.chzbgr.com/full/9077559296/h5B6B4632/,karl marx criticism,0,0,1,0,0,0,0,0,1,0,1,0,0,0,0,1,0,0,0,0
https://i.chzbgr.com/full/9085534464/h9BC992F7/,inside cat,0,1,0,0,0,1,0,0,0,0,0,1,0,0,1,0,0,0,0,0
https://i.chzbgr.com/full/9085535232/h5B596E9D/,aren't doing it wrong,0,0,0,1,0,1,0,0,0,1,0,1,0,0,0,0,0,0,0,0
https://i.chzbgr.com/full/9085535488/h71684A50/,accidentally built a shelf,0,0,0,1,0,1,0,0,0,1,0,0,0,0,0,0,0,0,0,0
https://i.chzbgr.com/full/9085535744/h17699773/,checkmate athiests,0,0,0,1,0,1,0,0,0,1,0,1,0,0,1,0,0,0,0,1
https://i.chzbgr.com/full/9085536000/hC6A7CD76/,on a date,0,0,0,0,1,1,0,0,0,0,0,0,0,0,0,0,0,0,0,0
https://i.chzbgr.com/full/9085536256/hC65D38FE/,ahead/behind,0,0,1,0,0,1,0,0,0,1,1,1,0,0,0,0,0,0,1,0
https://i.chzbgr.com/full/9085536512/hE93B3162/,monkey evolution,0,0,0,1,0,1,0,0,0,1,0,0,0,0,1,0,0,0,0,1
https://i.chzbgr.com/full/9085537024/h574FF7DE/,fidget spinners,0,0,1,1,0,1,0,0,0,1,0,0,0,0,0,0,0,0,0,1
https://i.chzbgr.com/full/9085537280/h66175F9B/,oil hydrophobe,0,0,0,0,1,0,0,0,1,1,0,0,0,0,0,0,0,0,0,0
https://i.chzbgr.com/full/9085537536/hC7D3AB34/,jake paul,1,0,0,0,0,1,0,0,0,1,1,0,0,0,0,0,0,1,0,0
https://i.chzbgr.com/full/9085537792/h024026D5/,camels,0,0,0,1,0,1,0,0,0,1,0,1,0,0,1,0,0,0,0,0
https://i.chzbgr.com/full/9085538048/h8067E61A/,dank memes,0,0,1,0,0,1,0,0,0,1,1,0,0,0,0,0,0,0,0,0
https://i.chzbgr.com/full/9085538304/hC287DAED/,heroes never die,1,0,0,0,0,1,0,0,0,1,0,1,0,0,0,0,0,1,1,0
https://i.chzbgr.com/full/9085538560/h44E95997/,tank or healer,0,0,1,0,0,1,0,0,0,1,0,1,0,0,0,0,0,0,1,0
https://i.chzbgr.com/full/9085538816/h3F67F61D/,wifi connected,0,0,1,0,0,0,0,0,1,0,0,0,0,0,0,0,0,0,0,0
https://i.chzbgr.com/full/9085539072/hE4FD75BC/,spelling potato,0,0,0,1,0,1,0,0,0,1,0,0,0,0,0,0,0,0,0,0
https://i.chzbgr.com/full/9085539328/h7FFAEBE2/,hiiiiiiiiii,0,0,1,0,0,1,0,0,0,0,0,0,0,0,1,0,0,0,0,0
https://i.chzbgr.com/full/9085539584/hF64FA6F7/,serial killers,0,0,0,0,1,1,0,0,0,1,1,0,0,0,0,0,0,0,0,0
https://i.chzbgr.com/full/9085539840/h33946733/,parakeet,0,0,1,0,0,1,0,0,0,1,1,0,1,0,1,0,0,0,0,0
https://i.chzbgr.com/full/9085540096/hB5B0321D/,tornado kids,0,1,1,0,0,1,0,0,0,1,1,0,0,0,0,0,0,0,0,0
https://i.chzbgr.com/full/9085541632/hB4E16AEB/,deflated bear,0,0,1,0,0,0,0,1,0,1,0,0,0,0,1,0,0,0,0,0
https://i.chzbgr.com/full/9085541888/hC75C5C0C/,silencer,0,0,1,0,0,1,0,0,0,1,0,0,0,0,0,0,0,0,0,0
https://i.chzbgr.com/full/9085542144/hB8639E55/,call friends,0,0,1,0,0,1,0,0,0,0,1,0,0,0,0,0,0,0,0,0
https://i.chzbgr.com/full/9085542400/hFA958581/,baby smell,0,0,1,0,0,0,1,0,0,1,1,0,0,0,0,0,0,0,0,0
https://i.chzbgr.com/full/9085542656/hC91C9B18/,never had before,0,0,1,0,0,1,0,0,0,1,0,0,0,0,0,0,0,0,0,0
https://i.chzbgr.com/full/9085542912/hAC01371B/,staaaph,0,1,0,0,0,1,0,0,0,1,0,1,1,0,0,0,0,0,0,0
https://i.chzbgr.com/full/9085543168/hE7288C30/,batman the ride,0,0,1,0,0,0,0,1,0,0,1,0,0,0,0,0,0,1,0,0
https://i.chzbgr.com/full/9085543424/h4E408E0D/,insult generator,0,0,0,1,0,0,0,0,1,0,0,0,0,0,0,0,0,0,0,0
https://i.chzbgr.com/full/9085543680/h4564BE9A/,saruman,0,0,0,1,0,1,0,0,0,1,1,1,0,0,0,0,0,1,0,0
https://i.chzbgr.com/full/9085543936/h78B0A9AA/,socrates,0,0,0,0,1,1,0,0,0,1,1,1,0,0,0,0,0,0,0,0
https://i.chzbgr.com/full/9085544192/hC5A6C3CA/,admit I'm wrong,0,0,1,0,0,1,0,0,0,1,1,0,0,0,0,0,0,0,0,0
https://i.chzbgr.com/full/9085544448/hCDBC5BAF/,catching feelings,1,0,0,0,0,1,0,0,0,1,0,0,0,0,0,0,0,1,0,0
https://i.chzbgr.com/full/9085544960/h42D17924/,cutting the crust,0,0,1,0,0,0,0,1,0,1,0,0,0,0,0,0,0,0,0,0
https://i.chzbgr.com/full/9085545216/hE987766C/,you matter,0,0,0,1,0,1,0,0,0,1,0,0,0,0,0,0,0,0,0,0
https://i.chzbgr.com/full/9085545472/h474768FF/,big floof,0,0,1,0,0,1,0,0,0,1,0,0,0,0,1,0,0,0,0,0
https://i.chzbgr.com/full/9085545728/h00143236/,just one hour,0,0,0,1,0,1,0,0,0,1,0,1,0,0,0,0,0,0,0,0
https://i.chzbgr.com/full/9085545984/hD1CD5201/,think before you ink,0,0,1,0,0,1,0,0,0,1,1,0,0,0,0,0,0,0,0,0
https://i.chzbgr.com/full/9085546496/hD1004F20/,you have $5,1,0,0,0,0,1,0,0,0,0,0,0,0,0,0,0,0,0,0,0
https://i.chzbgr.com/full/9085547264/hE1BB8D45/,dog translator,1,1,0,0,0,0,0,0,1,0,1,0,0,0,1,0,0,1,0,0
https://i.chzbgr.com/full/9085547520/hB5F17D50/,eclipse,1,0,0,0,0,1,0,0,0,1,1,0,0,0,0,0,0,1,0,0
https://i.chzbgr.com/full/9069178368/h52BFF37A/,asparagus,0,0,0,0,1,1,0,0,0,1,0,0,0,0,0,0,0,0,0,0
https://i.chzbgr.com/full/9069148416/hBDE5FDBC/,hurdles,0,0,0,0,1,1,0,0,0,1,1,0,0,0,0,0,0,1,0,0
https://i.chzbgr.com/full/9069149184/h86133125/,bread puns,0,0,0,0,1,1,0,0,0,1,0,0,0,0,0,0,0,0,0,0
https://i.chzbgr.com/full/9069173760/h174F7275/,have her stoned,0,0,0,0,1,1,0,0,0,0,0,1,0,0,0,0,0,0,0,1
https://i.chzbgr.com/full/9069163264/h144735CB/,may,0,0,0,0,1,1,0,0,0,0,0,0,0,0,0,0,0,0,0,0
https://i.chzbgr.com/full/9069164544/hCB369CB2/,eehive,0,0,0,0,1,1,0,0,0,1,1,0,0,0,1,0,0,0,0,0
https://i.chzbgr.com/full/9069164800/h8BF22EBA/,tiger woods,0,0,0,0,1,1,0,0,0,1,0,0,0,0,0,0,1,0,0,0
https://i.chzbgr.com/full/9069177856/hB411F191/,botany,0,0,0,0,1,1,0,0,0,1,0,0,0,0,0,0,0,0,0,0
https://i.chzbgr.com/full/9069175552/hB3E50D8E/,egyptian,0,0,0,0,1,1,0,0,0,0,0,0,0,0,0,0,0,0,0,0
https://i.chzbgr.com/full/9069165312/hF76F4B0F/,ireland iceland,0,0,0,0,1,1,0,0,0,1,0,0,0,0,0,0,0,0,0,0
https://i.chzbgr.com/full/9069149440/h90843AE0/,food puns,0,0,0,0,1,1,0,0,0,1,1,0,0,0,0,0,0,0,0,0
https://i.chzbgr.com/full/9069173504/hDEACC8FE/,chrome rims,0,0,0,0,1,1,0,0,0,1,0,0,0,0,0,0,0,0,0,0
https://i.chzbgr.com/full/9069177600/h27729E5F/,bologna,0,0,1,0,1,1,0,0,0,1,0,0,0,0,0,0,0,0,0,0
https://i.chzbgr.com/full/9043924480/hB75F93FB/,toad princess,1,0,0,0,0,0,1,0,0,1,0,0,0,0,0,0,0,0,1,0
https://i.chzbgr.com/full/9076060160/hFCE15ED7/,crack egg,1,0,1,0,0,1,0,0,0,0,0,0,0,0,0,0,0,0,0,0
https://i.chzbgr.com/full/9076060416/h6A2F4708/,marinate,1,0,1,0,1,1,0,0,0,0,0,0,0,0,0,0,0,0,0,0
https://i.chzbgr.com/full/9076060672/hB54921B0/,chicken,1,0,1,0,0,1,0,0,0,0,0,0,0,0,0,0,0,0,0,0
https://i.chzbgr.com/full/9076060928/hC771F391/,triple measurements,1,0,1,0,0,1,0,0,0,0,0,0,0,0,0,0,0,0,0,0
https://i.chzbgr.com/full/9076061184/h69880DBD/,respectability,1,0,1,0,0,1,0,0,0,0,0,0,0,0,0,0,0,0,0,0
https://i.chzbgr.com/full/9076061440/h877B8BC4/,husband,1,0,1,0,0,1,0,0,0,0,0,0,0,0,0,0,0,0,0,0
https://i.chzbgr.com/full/9076061696/h0697977B/,wedding ring,1,0,1,0,0,1,0,0,0,0,0,0,0,0,0,0,0,0,0,0
https://i.chzbgr.com/full/9076063744/h28A692DF/,quick,1,0,1,0,0,1,0,0,0,0,0,0,0,0,0,0,0,0,0,0
https://i.pinimg.com/736x/ab/cc/2a/abcc2abd8f1274ea0f3c8eea049319fc--memes-disney-disney-memes-funny.jpg,beuty and beast,0,0,1,0,0,1,0,0,0,0,1,0,0,0,1,0,0,1,0,0
https://img.buzzfeed.com/buzzfeed-static/static/2017-03/24/11/asset/buzzfeed-prod-fastlane-03/sub-buzz-32474-1490369946-1.jpg?downsize=715:*&output-format=auto&output-quality=auto,hp cat,1,0,0,0,0,1,0,0,0,1,0,1,0,0,1,0,0,1,0,0
https://img.buzzfeed.com/buzzfeed-static/static/2017-03/24/11/asset/buzzfeed-prod-fastlane-03/sub-buzz-32363-1490370045-3.png?downsize=715:*&output-format=auto&output-quality=auto,hp car,1,0,0,0,1,1,0,0,0,1,0,1,0,0,0,0,0,1,0,0
https://img.buzzfeed.com/buzzfeed-static/static/2017-03/24/11/asset/buzzfeed-prod-fastlane-03/sub-buzz-31864-1490369548-4.jpg?downsize=715:*&output-format=auto&output-quality=auto,hp gotye,1,0,0,0,1,0,0,1,0,1,0,1,0,0,0,0,0,1,0,0
https://img.buzzfeed.com/buzzfeed-static/static/2017-03/24/11/asset/buzzfeed-prod-fastlane-03/sub-buzz-31856-1490369296-1.jpg?downsize=715:*&output-format=auto&output-quality=auto,hp missionary,1,0,1,0,0,1,0,0,0,1,0,1,0,0,1,0,0,1,0,1
https://img.buzzfeed.com/buzzfeed-static/static/2017-03/24/11/asset/buzzfeed-prod-fastlane-03/sub-buzz-4647-1490370396-4.png?downsize=715:*&output-format=auto&output-quality=auto,hp memes,1,0,0,0,0,1,0,0,0,1,0,0,0,0,0,0,0,1,0,0
https://i.pinimg.com/236x/e9/11/6e/e9116e7c157e1f9f8d59c91a521d41bd--sap-penguins.jpg,awk peng,0,0,0,0,0,0,0,1,0,1,0,1,0,1,1,0,0,0,0,0
http://www.relatably.com/m/img/memes-socially-awkward-penguin/-meme-madness-socially-awkward-penguin-phone-start_20120429003251.jpg,awk peng,0,0,0,0,0,0,0,1,0,1,0,1,0,1,1,0,0,0,0,0
https://i.pinimg.com/originals/de/e2/12/dee2122a360a5da1cde12e12cafbc9e7.jpg,awk spec peng,0,0,1,0,0,1,0,0,0,1,1,0,0,1,1,0,0,0,0,0
https://i.pinimg.com/736x/86/d4/81/86d481c80a254ed30ffcfb901741411b--sports-memes-the-funniest.jpg,sports pun,1,0,0,0,1,1,0,0,0,1,0,1,0,0,0,0,1,0,0,0
https://i.pinimg.com/736x/c9/cd/47/c9cd470239028f4b1474a48d734b79d6--basketball-memes-funny-funny-sports-gifs.jpg,columbus sports,1,1,1,0,1,1,0,0,0,1,1,0,0,0,0,0,1,0,0,0
https://amishbabymachine.files.wordpress.com/2014/04/sports-refs-meme.jpg?w=1400,refs,0,1,0,0,0,1,0,0,0,1,0,1,0,0,0,0,1,0,0,0
https://i.pinimg.com/736x/f8/5a/9c/f85a9c5c25e7e1c0ba89c7fd92cd797c--sports-memes-funny-sports.jpg,brady,1,0,0,0,0,1,0,0,0,1,0,1,0,0,0,0,1,0,0,0
https://i.pinimg.com/736x/85/ba/28/85ba288df55eb7fd05922ff844c310c3--catholic-religion-catholic-memes.jpg,wonka,1,0,0,0,0,1,0,0,0,1,0,1,0,1,0,0,0,0,0,1
https://i.pinimg.com/474x/50/08/2c/50082ca509f5112f59ec7dbe6be77268--nfl-memes-football-memes.jpg,tevo,1,1,0,0,0,0,0,0,0,1,0,1,0,0,0,0,1,0,0,1
https://i.pinimg.com/736x/9d/63/ce/9d63ce74c222b455f3ef5d360c39ad78--so-funny-funny-shit.jpg,jesius,1,0,0,0,0,0,0,0,0,1,0,1,0,0,0,0,1,0,0,1
https://i.pinimg.com/736x/1d/15/b4/1d15b49c9dc46ece5c3c97a55b2e7856--funny-humour-hilarious-memes.jpg,float bbal,1,1,0,0,0,0,0,0,0,1,0,1,0,0,0,0,1,0,0,1
https://i.pinimg.com/736x/8f/ee/f6/8feef6dba0011fc8bc10dc0af6ef84f1--sports-humor-funny-sports.jpg,tickle,1,0,0,0,0,0,1,0,0,1,0,1,0,0,0,0,1,0,0,0
https://i.pinimg.com/736x/da/ee/9f/daee9f171892b56338e54da438076110--kobe-memes-basketball-players.jpg,team game,1,0,0,0,0,0,0,0,0,1,0,1,0,0,0,0,1,0,0,0
https://i.pinimg.com/736x/8c/ed/b3/8cedb3bfe780037fcc94972e67da0bb0--lol-memes-memes-humor.jpg,velocipope,0,0,0,0,0,1,0,0,0,1,0,1,0,1,1,0,0,0,0,1
https://pics.onsizzle.com/who-fed-lee-sin-%E2%80%A2-lol-%E2%80%A2-279096.png,lee sin,1,0,0,0,1,1,0,0,0,1,0,1,0,0,0,0,0,0,1,0
http://forums.euw.leagueoflegends.com/board/attachment.php?attachmentid=189509,jax god,1,1,0,0,0,1,0,0,0,0,0,1,0,0,0,0,0,0,1,1
https://s-media-cache-ak0.pinimg.com/originals/60/ae/68/60ae68ea74adecb1b939f57a064c962c.jpg,pepe,1,1,0,0,0,0,0,1,0,1,0,0,0,0,1,0,0,0,1,0
http://s2.quickmeme.com/img/81/81ca098e38fa9357d2c47037bfce59f78ef188fc355c585c2a932e44fc9100d6.jpg,1st,0,0,0,0,0,0,0,1,0,1,0,1,0,1,0,0,0,0,1,0
http://slightlywarped.com/wp-content/uploads/2016/12/2836425549-bfcca8129f8e64805e019d1725f9112a.jpg,caveman,0,0,0,1,0,0,0,1,0,1,1,0,0,0,0,0,0,0,0,0
http://i2.kym-cdn.com/photos/images/newsfeed/000/571/249/779.jpg,steve america,1,1,0,0,0,0,0,0,1,1,0,0,0,0,0,1,0,0,0,0
https://img.memecdn.com/antifa-sjw-isis_o_7184265.jpg,antifa,0,0,1,0,0,0,0,0,1,1,1,0,0,0,0,1,0,0,0,0
https://i.imgur.com/EwNDWCs.jpg,smurf,1,0,1,0,0,1,0,0,0,1,0,1,0,1,1,0,0,1,0,0
https://i.pinimg.com/736x/83/74/cd/8374cd3bd936ccc11f1be2b291eac0d5--league-memes-the-sand.jpg,naught nasus,0,0,0,0,1,1,0,0,0,0,0,1,0,0,0,0,0,0,1,0
https://i.pinimg.com/736x/7a/27/87/7a2787b883a0a36a8d55a2765a21b652--word-pictures-disney-memes.jpg,gci nderall,0,0,0,0,0,1,0,0,0,1,0,1,0,1,1,0,0,1,0,0
http://www.churchpop.com/wp-content/uploads/2014/08/10404217_612940335491214_118136158785665880_n.jpg,cat mission,1,0,1,0,0,1,0,0,0,1,0,1,0,0,1,0,0,0,0,1
https://pbs.twimg.com/profile_images/378800000473626182/ee3982fcd22ed37b2c27358976da6201.jpeg,crossfit,1,0,1,0,0,1,0,0,0,1,0,1,0,0,0,0,1,0,0,1
https://encrypted-tbn0.gstatic.com/images?q=tbn:ANd9GcRVOamxqlVlCyCUYzxU4U6O0xMgSCV5cfYBToCJZjDL8XwoMLEa,jesus returns base,1,0,0,0,0,1,0,0,0,1,0,0,0,0,0,0,0,0,1,1
https://i0.wp.com/www.lolnews.com/wp-content/uploads/2015/09/7.jpg.jpeg,heimer runner,1,0,0,0,0,1,0,0,0,1,0,1,0,0,0,0,1,0,1,0
https://i.pinimg.com/736x/1b/f8/96/1bf896bae3a2858601c26410d5bfd61b--league-memes-the-league.jpg,mumu reject3e,0,0,0,0,0,0,0,1,0,1,0,1,0,0,0,0,0,0,1,0
https://i.imgflip.com/4prv1.jpg,pepe sad,0,0,0,0,0,0,0,1,0,1,0,0,0,0,1,0,0,0,0,0
https://i.imgflip.com/13daeo.jpg,joker,0,0,1,0,0,1,0,0,0,0,0,1,0,0,0,0,0,1,0,0
https://i.pinimg.com/736x/81/3b/b7/813bb736d3637aa7d690364b7ac895d9--animal-rights-quotes-inspirational-memes.jpg,dogs shelter,0,0,0,0,0,0,0,1,0,1,0,0,0,0,1,0,0,0,0,1
http://thisdogslife.co/wp-content/uploads/2015/07/purchase-a-lawn-resized.jpg,lawn dog,0,1,0,0,0,0,0,1,0,1,0,1,0,0,1,0,0,0,0,0
https://media0ch-a.akamaihd.net/40/42/0572fdfc4737e13ebe9d326d964e8673.jpg,,0,0,0,1,0,1,0,0,0,1,0,0,0,0,0,0,0,0,0,0
http://i0.kym-cdn.com/photos/images/facebook/000/488/225/af5.jpg,shrek yourself,0,0,0,1,1,1,0,0,0,1,0,0,0,0,0,0,0,1,0,0
https://i.pinimg.com/236x/cf/5c/5c/cf5c5cc3750dc5a0fa63dbd1ae0433e7--shrek-memes-dead.jpg,bill shrek,1,0,0,0,0,1,0,0,0,0,0,0,0,0,0,1,0,1,0,0
http://i0.kym-cdn.com/photos/images/original/000/912/511/bee.jpg,winnie,0,0,0,1,0,0,0,1,0,1,0,0,0,0,1,0,0,1,0,0
http://i0.kym-cdn.com/photos/images/original/000/912/520/81d.png,thomas train,0,0,0,1,0,1,0,0,0,1,0,0,0,0,0,0,0,1,0,0
https://image.slidesharecdn.com/got-120801091933-phpapp01/95/game-of-thrones-vs-indian-politics-3-728.jpg?cb=1344313154,borathean,0,0,1,0,0,1,0,0,0,1,1,0,0,0,0,1,0,1,0,0
https://i1.wp.com/beebom.com/wp-content/uploads/2013/12/P-Chidambaram-as-Tyrion-Lannister.jpg?resize=594%2C422,tyrian,0,0,1,0,0,0,0,0,0,1,1,0,0,0,0,1,0,1,0,0
https://i1.wp.com/beebom.com/wp-content/uploads/2013/12/Rahul-Gandhi-as-Jeoffrey-Lannister.jpg?resize=609%2C417,joffery ,0,0,1,0,0,0,0,0,0,1,1,0,0,0,0,1,0,1,0,0
https://encrypted-tbn0.gstatic.com/images?q=tbn:ANd9GcTgbWWNf8LuEQW5GCHCgKw1AJ7g59_FoGXVbaWL3XsneEm72rRL,siba,0,0,1,0,0,1,0,0,0,1,1,0,0,0,1,0,0,1,0,0
https://cdn-images-1.medium.com/max/1600/0*CaM4w-HxayNkleUl.,same meme,1,0,1,0,0,1,0,0,0,1,0,0,0,0,0,0,0,0,0,0
http://www.advocate.com/sites/advocate.com/files/2015/09/11/8d4_0.jpg,minerva,1,0,0,0,0,1,0,0,0,0,0,1,0,0,0,1,0,1,0,0
http://1.bp.blogspot.com/-CzqzzBV2tMk/TxBM3ar18MI/AAAAAAAAPm0/6faLPO9BM8w/s1600/i-can-has-cheezburger.jpg,cat burger,0,0,0,0,0,0,1,0,0,1,0,0,1,0,1,0,0,0,0,0
https://www.polyvore.com/cgi/img-thing?.out=jpg&size=l&tid=4949523,car bathroom,0,0,0,0,0,0,1,0,0,0,0,0,0,0,1,0,0,0,0,0
http://2.bp.blogspot.com/-ESreZHheo1M/TxBchPbryFI/AAAAAAAAPn4/gVXXvRth6z4/s1600/monorail.jpeg,mono cat,0,0,0,0,0,0,0,1,0,1,0,0,0,0,1,0,0,0,0,0
http://i0.kym-cdn.com/photos/images/original/001/019/069/612.jpg,turmp cat,1,0,1,0,0,1,0,0,0,1,0,0,0,0,1,1,0,0,0,0
https://i.imgur.com/TzfsBbF.png,hitler cat,1,0,1,0,0,1,0,0,0,1,0,0,1,0,1,1,0,0,0,0
https://pics.onsizzle.com/Facebook-I-love-juking-by-hiding-in-1dfde9.png,lol cat,1,0,0,0,0,1,0,0,0,0,0,0,0,0,1,0,0,0,1,0
https://i.pinimg.com/736x/05/7c/35/057c3574b843d2dac0da48a8ef931b9e--league-of-memes-league-of-legends-memes.jpg,teemo,0,1,0,0,0,1,0,0,0,1,1,0,0,0,0,1,0,1,0,0
https://s-media-cache-ak0.pinimg.com/originals/3e/18/be/3e18be4c2a68c3ffb961c7f2b663f01e.jpg,cat pun,0,0,0,0,1,0,1,0,0,1,0,1,0,0,1,0,0,0,0,0
https://i.pinimg.com/736x/16/ed/16/16ed164f84a3ccf15964a493ccd81f38--funny-happy-birthdays-pictures-of.jpg,birth,0,0,0,1,0,1,0,0,0,1,0,1,0,0,1,0,0,0,0,0
https://pics.me.me/toilettraining-no-youre-gonna-stay-right-here-wiping-my-ass-7685190.png,mob baby 1,1,0,0,0,0,1,0,0,0,0,0,1,0,1,0,0,0,0,0,0
http://s2.quickmeme.com/img/5b/5b0b5e5348beea58401ec4d05abf8d8eb7ee0f62b55b1d5e755263e8c683f1f7.jpg,mb 2,1,0,0,0,0,1,0,0,0,0,0,1,0,1,0,0,0,0,0,0
http://s2.quickmeme.com/img/98/98316d2bd1fcc331ea39f21aef65f546ee20c20c834941c51651c7f9c9026c59.jpg,mb3,1,0,0,0,0,1,0,0,0,0,0,1,0,1,0,0,0,0,1,0
https://i.pinimg.com/736x/38/0a/ee/380aee9c5a24366120cebe3506eb6c2c--runners-lord-of-the-rings.jpg,golem,0,0,1,0,0,1,0,0,0,1,1,0,0,0,0,0,1,1,0,0
https://i.pinimg.com/736x/94/5c/b0/945cb03bd6e8ffa76b762adc6727df28--funny-running-memes-jog.jpg,tough,0,1,0,0,0,1,0,0,0,1,0,1,0,1,0,0,1,0,0,0
http://i0.kym-cdn.com/photos/images/original/000/220/293/the-most-interesting-man-in-the-world-meme-generator-i-don-t-always-drink-beer-so-my-opinion-on-it-probably-isn-t-that-valuable-090765.jpg,moim,1,1,0,0,0,1,0,0,0,0,0,1,0,1,0,0,0,1,0,0
http://s2.quickmeme.com/img/72/72315a775d92dd1b3f4b0f217716cd154bd72ff3f59725f6f16369e35d59c55e.jpg,moim,1,1,0,0,0,1,0,0,0,0,0,1,0,1,0,0,0,1,0,0
https://pachalonomsa.files.wordpress.com/2015/01/wpid-resized_the-most-interesting-man-in-the-world-meme-generator-i-don-t-always-go-to-church-but-when-i-do-i-make-sure-i-check-in-on-facebook-b09c81.jpeg?w=700,moim,1,1,0,0,0,1,0,0,0,1,0,1,0,1,0,0,0,1,0,0
https://i.pinimg.com/736x/ab/5f/09/ab5f09934d6cfc10baa268e9f18c2836--interesting-meme-funny-golf.jpg,moim,1,1,0,0,0,1,0,0,0,1,0,1,0,1,0,0,0,1,0,0
http://barkpost-assets.s3.amazonaws.com/wp-content/uploads/2013/11/hot.jpg,dog,0,0,0,0,1,1,0,0,0,1,0,0,0,0,1,0,0,0,0,0
http://i.qkme.me/3q0fnx.jpg,quak quak,0,0,0,1,0,1,0,0,0,0,0,0,0,0,0,0,0,0,0,0
https://img.memecdn.com/weird-faced-people_o_1970819.jpg,weird face,0,0,0,1,0,1,0,0,0,1,0,0,0,0,0,0,0,0,0,0
https://cdn-s3.si.com/s3fs-public/styles/marquee_large_2x/public/images/ashley%20wagner%20meme.png?itok=47KuzK2G,patrick,0,0,0,1,0,1,0,0,0,1,0,0,0,0,0,0,0,1,0,0
https://i.pinimg.com/736x/fc/b3/30/fcb330539cdf7f127129ba757923321b--jack-flag-gaming-memes.jpg,jack,0,1,1,0,0,1,0,0,0,1,0,1,0,1,0,0,0,1,1,0
https://i.imgflip.com/wl503.jpg,nemo,1,1,0,1,0,1,0,0,0,1,0,0,0,0,0,1,0,1,0,0
https://i.pinimg.com/736x/e9/f0/27/e9f0276e3c133232f7b6b8e77e991882--hilarious-memes-funny-pics.jpg,ice cream,0,0,0,1,0,1,0,0,0,1,0,1,0,0,0,0,0,0,0,0
https://i.redditmedia.com/8GOIs1rHDb6ARTxVcsnMZRPjRIrxRKP4ITaya_B0oUQ.jpg?w=320&s=4b2c57887f8b33414ee5965b07a68c05,blbrian,0,0,0,0,0,1,0,0,0,1,0,1,0,1,0,1,0,0,0,0
http://cdn.thegatewaypundit.com/wp-content/uploads/Brexited-before-cool-copy.jpg,george,0,0,0,0,0,1,0,0,0,1,0,1,0,0,0,1,0,0,0,0
https://i.pinimg.com/236x/1e/bf/90/1ebf900b8defbb4bb0618f45cfe78e96--political-art-political-memes.jpg,native,0,0,1,0,0,1,0,0,0,1,0,1,0,0,0,1,0,0,0,0
http://cdn.ebaumsworld.com/thumbs/picture/2238119/85159076.jpg,bernie,0,1,0,0,0,1,0,0,0,0,0,1,0,0,0,1,0,0,0,0
http://quotesnhumor.com/wp-content/uploads/2015/08/Top-50-Funniest-Memes-Collection-meme-pics.jpg,jokes,0,0,0,0,1,1,0,0,0,1,0,1,0,0,0,0,0,0,0,0
http://theawesomedaily.com/wp-content/uploads/2017/04/funny-memes-about-girls7.jpg,jokes,0,0,0,1,0,1,0,0,0,1,0,1,0,0,0,0,0,0,0,0
http://theawesomedaily.com/wp-content/uploads/2017/04/funny-memes-about-girls13.jpg,jokes,0,1,1,0,0,1,0,0,0,1,1,0,0,0,1,0,0,0,0,0
http://theawesomedaily.com/wp-content/uploads/2017/04/funny-memes-about-girls19.jpg,mean ,0,1,0,0,0,1,0,0,0,1,1,1,0,0,0,0,0,1,0,0
https://i.pinimg.com/736x/b2/f5/3a/b2f53a63031cf03b37c02f1bf0eead43--funny-shit-funny-stuff.jpg,jobama,0,0,0,0,1,1,0,0,0,1,0,0,0,0,0,0,0,0,0,0
http://theawesomedaily.com/wp-content/uploads/2017/04/funny-memes-about-girls30.jpg,burn,0,1,0,0,1,1,0,0,0,1,0,1,0,0,0,0,0,0,0,0
http://theawesomedaily.com/wp-content/uploads/2017/04/funny-memes-about-girls44.jpg,grandma,0,1,1,0,0,1,0,0,0,1,0,1,0,0,0,0,1,0,0,0
https://i.pinimg.com/736x/63/07/16/630716317bb90363142d1cbfdc4d94f8--trump-jokes-debate-meme.jpg,trump lie,0,1,0,0,0,1,0,0,0,1,0,1,0,0,0,1,0,0,0,0
"https://media.vanityfair.com/photos/561fe28c6015429a1deba730/master/h_606,c_limit/ermahgerd-meme-maggie-goldenberger-01.jpg",gers,0,0,0,1,0,1,0,0,0,1,0,1,1,1,0,0,0,0,0,0
"https://media.vanityfair.com/photos/561fe28dd475a5ce0f58c816/master/h_606,c_limit/ermahgerd-meme-maggie-goldenberger-03.jpg",bertmern,0,0,0,1,0,1,0,0,0,1,0,1,1,1,0,0,0,0,0,0
http://i0.kym-cdn.com/photos/images/original/000/311/022/947.jpg,erbies,0,0,0,1,0,1,0,0,0,1,0,1,1,1,0,0,0,0,0,0
https://i.pinimg.com/236x/67/fc/b8/67fcb86d20b3ec0eea5fd99c6cb91ee7--religion-memes.jpg,jesus comp,1,0,0,0,0,1,0,0,0,1,0,0,0,0,0,0,0,0,0,1
https://s-media-cache-ak0.pinimg.com/236x/5e/a1/36/5ea136eb5bbfbf857b0bcaf1bcc4dd01.jpg,bee pbeep,1,0,0,0,0,1,0,0,0,1,0,0,0,0,0,0,0,1,0,0
https://i.pinimg.com/236x/fc/a2/0e/fca20ecc63058122ae7535ef9cef6513.jpg,berttman,1,0,1,1,0,1,0,0,0,1,0,0,1,0,0,0,0,1,0,0
https://s-media-cache-ak0.pinimg.com/originals/2a/c9/95/2ac995073062d9662f0642d7cba7940e.jpg,smurf kid,1,0,0,0,0,1,0,0,0,1,0,0,0,0,0,0,0,1,0,0
https://fthmb.tqn.com/kn7ixzIpHu6cuDD7Vx1uWuezGbY=/768x0/filters:no_upscale()/droids-58b8c8df3df78c353c209f9c.jpg,droids,1,0,1,0,0,0,0,1,0,1,0,0,0,0,0,0,0,1,0,0
https://i.pinimg.com/736x/5c/71/89/5c718951eee8e8b08bb212ad99122124--funny-qoutes-funny-memes.jpg,tmoney,1,0,1,0,0,1,0,0,0,1,0,1,0,0,0,1,0,0,0,0
https://i.pinimg.com/736x/b7/5f/37/b75f37c09e8ab7a92c4bb71338cf28fa--funny-basketball-memes-funny-sports-memes.jpg,pizza,1,0,0,0,0,0,1,0,0,1,0,1,0,0,0,0,1,0,0,0
"http://res.cloudinary.com/hrscywv4p/image/upload/c_limit,fl_lossy,h_9000,w_1200,f_auto,q_auto/v1/734305/d45b44b3-12eb-4ad6-955a-3e16e8da05ac_mygadg.jpg",yao,1,0,0,0,1,1,0,0,0,1,0,1,0,0,0,0,1,0,0,0
https://i.pinimg.com/736x/a2/33/fc/a233fc0dbeca56ba390c6dabfcdf0359--funny-basketball-quotes-basketball-humor.jpg,pass,1,0,0,0,0,1,0,0,0,1,0,1,0,0,0,0,1,0,0,0
https://pagez.com/attachments/2/article/29/1fd4285892b3e68d11e32be75f2d2415.jpg,rick,1,0,0,0,0,1,0,0,0,1,0,1,0,0,0,0,0,1,0,0
http://images.memes.com/meme/1379645,girlfriend with friends,0,0,1,0,0,0,0,0,1,1,0,0,0,0,0,0,0,0,0,0
http://images.memes.com/meme/1379646,good dog,0,0,0,0,0,0,1,0,0,1,0,0,0,0,1,0,0,0,0,0
http://images.memes.com/meme/1379629,girlfriend dog,1,0,1,0,0,1,0,0,0,1,0,0,0,0,1,0,0,0,0,0
http://images.memes.com/meme/1379631,well behaved kids,0,0,0,0,0,1,0,0,0,1,0,0,0,0,0,0,0,0,0,0
http://images.memes.com/meme/1379634,microscope science,1,1,0,0,0,0,0,0,1,1,0,0,0,0,0,0,0,0,0,0
http://images.memes.com/meme/1379626,african spider man,1,0,1,1,0,0,1,0,0,1,0,0,0,0,0,0,0,1,0,0
http://images.memes.com/meme/1379610,fake engagement,1,1,0,1,0,1,0,0,0,1,0,0,0,0,0,0,0,0,0,0
http://images.memes.com/meme/1379607,old people swag,0,0,0,1,0,1,0,0,0,1,0,0,0,0,0,1,0,0,0,0
http://images.memes.com/meme/1379606,grandma ios7,0,0,0,0,0,0,1,0,0,1,1,0,0,0,0,0,0,0,0,0
http://images.memes.com/meme/1379605,vaping on campus,1,1,0,1,0,0,0,0,1,1,0,0,0,0,0,1,0,0,0,0
http://images.memes.com/meme/1379615,trex bottle opener,0,0,0,0,0,1,0,0,0,1,1,0,0,0,1,0,0,0,0,0
http://memes.com/img/1379617,recycling old shoes,0,0,0,0,0,0,1,0,0,1,1,1,0,0,0,0,0,0,0,0
http://images.memes.com/meme/1379640,friends getting married,1,0,1,0,0,0,1,0,0,1,1,0,0,0,0,0,0,0,0,0
http://memes.com/img/1379641,get off my property,0,0,0,0,0,0,0,0,1,1,0,0,0,0,1,0,0,0,0,0
http://memes.com/img/1379642,what is meaning of life?,0,0,0,0,0,0,1,1,0,1,0,0,0,0,0,0,0,0,0,0
http://memes.com/img/1379643,bat girl wedding,0,0,0,0,0,0,1,0,0,1,1,0,0,0,0,0,0,1,0,0
http://memes.com/img/1379644,trying look at offensive things,0,0,0,0,0,0,0,0,0,1,0,0,0,0,0,0,0,0,0,0
http://memes.com/img/1379632,chewbacca is ciabatta,1,0,1,0,0,0,1,1,0,1,1,0,1,0,0,0,0,1,0,0
http://quotesnhumor.com/wp-content/uploads/2015/08/Top-50-Funniest-Memes-Collection-memes-hilarious.jpg,North Korea,1,1,0,0,0,0,0,1,0,1,0,0,0,0,0,1,0,0,0,0
https://i.pinimg.com/236x/ca/9c/e1/ca9ce1955c758380cd1fbce58cde31c9--high-schools-walking.jpg,Walking pass your friend's class,0,0,0,0,0,0,1,0,0,1,0,0,0,0,0,0,0,0,0,0
http://theawesomedaily.com/wp-content/uploads/2017/04/funny-memes-about-girls.jpg,Is google boy or girl,1,0,1,0,0,0,0,0,0,1,0,0,0,0,0,0,0,0,0,0
http://images.memes.com/meme/1815621,cat life,0,0,0,0,0,0,1,0,0,1,0,0,0,0,1,0,0,0,0,0
http://images.memes.com/meme/27.jpg,facebook stalking,0,0,0,0,0,0,0,0,0,0,0,0,0,0,0,0,0,0,0,0
http://images.memes.com/meme/32.jpg,relationship problems,1,0,1,0,0,1,0,0,0,1,0,0,0,0,0,0,0,0,0,0
http://images.memes.com/meme/41.jpg,kids meal for pregant woman,1,0,1,0,0,1,0,0,0,1,1,0,0,0,0,0,0,1,0,0
http://images.memes.com/meme/76.jpg,24 burgers and diet coke,1,1,0,0,0,1,0,0,0,1,0,0,0,0,0,0,0,0,0,0
http://images.memes.com/meme/85.jpg,dora,0,0,0,0,0,1,0,0,0,0,1,0,0,0,0,0,0,1,0,0
http://images.memes.com/meme/106.jpg,are you home?,0,0,0,0,0,0,0,0,0,0,0,0,0,1,0,0,0,0,0,0
http://images.memes.com/meme/108.jpg,couch casting,0,0,0,0,0,1,0,0,0,0,0,0,0,1,0,0,0,1,0,0
http://images.memes.com/meme/113.jpg,changed wifi password,0,0,0,0,0,0,0,0,1,0,1,0,0,0,0,0,0,0,0,1
http://images.memes.com/meme/117.jpg,clear history,0,0,0,0,0,1,0,0,0,0,0,0,0,0,0,0,0,1,0,1
http://images.memes.com/meme/128.jpg,just one more beer,0,0,0,0,0,0,0,1,0,0,0,0,0,0,0,0,0,0,0,0
http://memes.com/img/168,soul mate,1,1,0,0,0,0,0,0,1,0,0,0,0,1,0,0,0,0,0,0
http://images.memes.com/meme/188.jpg,ex girlfriend,0,0,0,0,0,0,0,0,1,0,0,0,0,0,0,0,0,1,0,0
http://images.memes.com/meme/253.jpg,go fish trolling,,,,,,,,,1,,1,,,,,,,,1,
http://images.memes.com/meme/289.jpg,cleaning toiletes,1,,1,,,1,,,,1,,,,1,,,,,,
http://images.memes.com/meme/298.jpg,early mornings,1,,1,,,1,,,,1,,,,,,,,,,
http://images.memes.com/meme/308.jpg,i don't give a fuck,,,,,,,,,,,,,,1,,,,,,
http://images.memes.com/meme/339.jpg,clearing browser history,,,,,,1,,,,,,,,1,,,,1,,
http://images.memes.com/meme/344.jpg,online medical diagnosis,1,1,,,,,,,1,,1,,,,,,,,,
http://images.memes.com/meme/358.jpg,sunbathing,1,,1,,,1,,,,,,,,,,,,,,
http://images.memes.com/meme/378.jpg,if I were you,1,,1,,,,,1,1,,,,,1,,,,,,
http://images.memes.com/meme/386.jpg,cheating,,,,,,,,1,1,1,1,,,,,,,,,
http://images.memes.com/meme/483.jpg,dating clueless,1,1,,,,,,1,,,,,,,,,,,,
http://images.memes.com/meme/493.jpg,munchies,1,,1,,,,,1,,,,,,1,,1,,,,
http://images.memes.com/meme/525.jpg,domestic violence,1,,,,1,1,,,,,,,,,,1,,,,
http://images.memes.com/meme/527.jpg,tv day at school,,,,,,,1,,,1,,,,,,,,1,,
http://images.memes.com/meme/571.jpg,running with ruler,,,,,,,,,1,1,1,,,1,,,,,,
http://images.memes.com/meme/590.jpg,clueless service,,,,,,,,,1,,,,,1,,,,1,,
http://images.memes.com/meme/613.jpg,idiot test,1,,,1,,1,,,,1,,,,,,,,,,
http://images.memes.com/meme/617.jpg,parents without google,1,,1,,,1,,,,1,,,,,,,,,,
http://images.memes.com/meme/620.jpg,boyfriend cheated,1,1,,,,,,,1,,,,,1,,1,,,,
http://images.memes.com/meme/632.jpg,shower temperature,,,,,,,1,,,1,1,,,1,,,,,,
http://images.memes.com/meme/635.jpg,sick,1,,1,,,,1,,,1,1,,,1,,,,,,
http://images.memes.com/meme/639.jpg,chilling on couch,1,,1,,,,,,,1,1,,,1,,,,,,
http://images.memes.com/meme/646.jpg,tasty food is bad,,,,,,,,,1,1,,,,1,,,,,,
http://images.memes.com/meme/673.jpg,selling body,1,,,1,,,,,1,,1,,,1,,1,,,,
http://images.memes.com/meme/681.jpg,spilling koolaid,,,,,,,,,1,1,1,,,1,,,,,,
http://images.memes.com/meme/685.jpg,barely touchable,,,,,,,,,1,1,1,,,1,,,,,,
http://images.memes.com/meme/692.jpg,cool illusion,,,,,,1,,,,1,1,,,,,,,,,
http://images.memes.com/meme/696.jpg,mom vs dad,1,,1,,,,1,,,1,,,,1,,,,,,
http://images.memes.com/meme/720.jpg,banana,1,,1,,,,,,1,1,1,,,,,,,,,